{"cameraMode":{"drawMode":0,"name":"Shaded","section":"Shading Mode"},"sceneLighting":true,"audioPlay":false,"sceneViewState":{"showFog":true,"showMaterialUpdate":false,"showSkybox":true,"showFlares":true,"showImageEffects":true,"showParticleSystems":true},"in2DMode":false,"pivot":{"x":-6.975070953369141,"y":-1.7210252285003663,"z":15.802827835083008},"rotation":{"x":0.20776143670082093,"y":0.0800095722079277,"z":-0.017053477466106416,"w":0.9747539162635803},"size":11.521812438964844,"orthographic":false}