{"cameraMode":{"drawMode":0,"name":"Shaded","section":"Shading Mode"},"sceneLighting":true,"audioPlay":false,"sceneViewState":{"showFog":true,"showMaterialUpdate":false,"showSkybox":true,"showFlares":true,"showImageEffects":true,"showParticleSystems":true},"in2DMode":false,"pivot":{"x":-0.33000001311302187,"y":3.069999933242798,"z":-0.8100000023841858},"rotation":{"x":0.3989547789096832,"y":-0.19695575535297395,"z":0.08816732466220856,"w":0.8912193775177002},"size":0.0538749098777771,"orthographic":true}