{"cameraMode":{"drawMode":0,"name":"Shaded","section":"Shading Mode"},"sceneLighting":true,"audioPlay":false,"sceneViewState":{"showFog":true,"showMaterialUpdate":false,"showSkybox":true,"showFlares":true,"showImageEffects":true,"showParticleSystems":true},"in2DMode":false,"pivot":{"x":-3.4033203125,"y":3.244859218597412,"z":2.360715389251709},"rotation":{"x":0.10237105190753937,"y":-0.7713977098464966,"z":0.12844839692115785,"w":0.6147903203964233},"size":6.852225303649902,"orthographic":true}