{"cameraMode":{"drawMode":0,"name":"Shaded","section":"Shading Mode"},"sceneLighting":true,"audioPlay":false,"sceneViewState":{"showFog":true,"showMaterialUpdate":false,"showSkybox":true,"showFlares":true,"showImageEffects":true,"showParticleSystems":true},"in2DMode":false,"pivot":{"x":11.28408432006836,"y":-1.80859375,"z":0.38722747564315798},"rotation":{"x":0.2705172598361969,"y":0.5157861113548279,"z":-0.17580413818359376,"w":0.7936533093452454},"size":22.715572357177736,"orthographic":true}