{"cameraMode":{"drawMode":0,"name":"Shaded","section":"Shading Mode"},"sceneLighting":false,"audioPlay":false,"sceneViewState":{"showFog":true,"showMaterialUpdate":false,"showSkybox":false,"showFlares":true,"showImageEffects":true,"showParticleSystems":true},"in2DMode":false,"pivot":{"x":-0.523895263671875,"y":2.844818115234375,"z":-0.4923095703125},"rotation":{"x":0.2366344928741455,"y":-0.2986966073513031,"z":0.07671421021223068,"w":0.9213584661483765},"size":0.2530578374862671,"orthographic":true}