{"cameraMode":{"drawMode":0,"name":"Shaded","section":"Shading Mode"},"sceneLighting":true,"audioPlay":false,"sceneViewState":{"showFog":true,"showMaterialUpdate":false,"showSkybox":true,"showFlares":true,"showImageEffects":true,"showParticleSystems":true},"in2DMode":false,"pivot":{"x":-0.1182134747505188,"y":1.940000057220459,"z":0.2787194550037384},"rotation":{"x":0.11297424882650376,"y":-0.8853687047958374,"z":0.34635689854621889,"w":0.2887861132621765},"size":16.021039962768556,"orthographic":true}